"Simulation","Succeed","Mutation_count_in_fitting","Tail","Tail_power","Tail_pareto_shape","Tail_pareto_scale","Tail_mutcount_observed","Cluster_count","Cluster_mutcount_observed_1","Cluster_frequency_1","Cluster_beta_a_1","Cluster_beta_b_1","Cluster_mutcount_observed_2","Cluster_frequency_2","Cluster_beta_a_2","Cluster_beta_b_2","Cluster_mutcount_observed_3","Cluster_frequency_3","Cluster_beta_a_3","Cluster_beta_b_3"
1,TRUE,27357,TRUE,1.63608111219005,0.636081112190052,0.00151975583890578,628,1,26729,0.14767326909389,2.41264246086395,13.9250635821302,NA,NA,NA,NA,NA,NA,NA,NA
2,FALSE,NA,NA,NA,NA,NA,NA,NA,NA,NA,NA,NA,NA,NA,NA,NA,NA,NA,NA,NA
3,TRUE,30762,FALSE,NA,NA,NA,0,3,9814,0.0643342524659137,7.76424503728825,112.921777410894,18723,0.451899691807107,22.7108941488966,27.5455998488704,2225,0.254644494290741,1.76706525417343,5.17227682386844
4,TRUE,36766,FALSE,NA,NA,NA,0,2,15026,0.091265451409825,5.64036364486003,56.1613757617872,21740,0.299917671601458,8.82629031772393,20.6027535615332,NA,NA,NA,NA
5,TRUE,22809,FALSE,NA,NA,NA,0,2,6629,0.125399578601713,4.4867446748097,31.2928386765846,16180,0.44048122303465,11.831722033615,15.0291778524268,NA,NA,NA,NA
